Index,Name,Type,Category,Contest,PP,Power,Accuracy,Generation
1,Pound,Normal,Physical,Tough,35,40,100,1
2,KarateChop,Fighting,Physical,Tough,25,50,100,1
3,DoubleSlap,Normal,Physical,Cute,10,15,85,1
4,CometPunch,Normal,Physical,Tough,15,18,85,1
5,MegaPunch,Normal,Physical,Tough,20,80,85,1
6,PayDay,Normal,Physical,Clever,20,40,100,1
7,FirePunch,Fire,Physical,Tough,15,75,100,1
8,IcePunch,Ice,Physical,Beautiful,15,75,100,1
9,ThunderPunch,Electric,Physical,Cool,15,75,100,1
10,Scratch,Normal,Physical,Tough,35,40,100,1
11,ViceGrip,Normal,Physical,Tough,30,55,100,1
12,Guillotine,Normal,Physical,Cool,5,0,0,1
13,RazorWind,Normal,Special,Cool,10,80,0,1
14,SwordsDance,Normal,Status,Beautiful,20,0,0,1
15,Cut,Normal,Physical,Cool,30,50,95,1
16,Gust,Flying,Special,Clever,35,40,100,1
17,WingAttack,Flying,Physical,Cool,35,60,100,1
18,Whirlwind,Normal,Status,Clever,20,0,0,1
19,Fly,Flying,Physical,Clever,15,90,95,1
20,Bind,Normal,Physical,Tough,20,15,0,1
21,Slam,Normal,Physical,Tough,20,80,75,1
22,VineWhip,Grass,Physical,Cool,25,45,100,1
23,Stomp,Normal,Physical,Tough,20,65,100,1
24,DoubleKick,Fighting,Physical,Cool,30,30,100,1
25,MegaKick,Normal,Physical,Cool,5,120,75,1
26,JumpKick,Fighting,Physical,Cool,10,100,95,1
27,RollingKick,Fighting,Physical,Cool,15,60,85,1
28,SandAttack,Ground,Status,Cute,15,0,100,1
29,Headbutt,Normal,Physical,Tough,15,70,100,1
30,HornAttack,Normal,Physical,Cool,25,65,100,1
31,FuryAttack,Normal,Physical,Cool,20,15,85,1
32,HornDrill,Normal,Physical,Cool,5,0,0,1
33,Tackle,Normal,Physical,Tough,35,40,0,1
34,BodySlam,Normal,Physical,Tough,15,85,100,1
35,Wrap,Normal,Physical,Tough,20,15,0,1
36,TakeDown,Normal,Physical,Tough,20,90,85,1
37,Thrash,Normal,Physical,Tough,10,120,100,1
38,Double-Edge,Normal,Physical,Tough,15,120,100,1
39,TailWhip,Normal,Status,Cute,30,0,100,1
40,PoisonSting,Poison,Physical,Clever,35,15,100,1
41,Twineedle,Bug,Physical,Cool,20,25,100,1
42,PinMissile,Bug,Physical,Cool,20,25,0,1
43,Leer,Normal,Status,Cool,30,0,100,1
44,Bite,Dark,Physical,Tough,25,60,100,1
45,Growl,Normal,Status,Cute,40,0,100,1
46,Roar,Normal,Status,Cool,20,0,0,1
47,Sing,Normal,Status,Cute,15,0,55,1
48,Supersonic,Normal,Status,Clever,20,0,55,1
49,SonicBoom,Normal,Special,Cool,20,0,90,1
50,Disable,Normal,Status,Clever,20,0,0,1
51,Acid,Poison,Special,Clever,30,40,100,1
52,Ember,Fire,Special,Cute,25,40,100,1
53,Flamethrower,Fire,Special,Beautiful,15,90,100,1
54,Mist,Ice,Status,Beautiful,30,0,0,1
55,WaterGun,Water,Special,Cute,25,40,100,1
56,HydroPump,Water,Special,Beautiful,5,110,80,1
57,Surf,Water,Special,Beautiful,15,90,100,1
58,IceBeam,Ice,Special,Beautiful,10,90,100,1
59,Blizzard,Ice,Special,Beautiful,5,110,0,1
60,Psybeam,Psychic,Special,Beautiful,20,65,100,1
61,BubbleBeam,Water,Special,Beautiful,20,65,100,1
62,AuroraBeam,Ice,Special,Beautiful,20,65,100,1
63,HyperBeam,Normal,Special,Cool,5,150,90,1
64,Peck,Flying,Physical,Cool,35,35,100,1
65,DrillPeck,Flying,Physical,Cool,20,80,100,1
66,Submission,Fighting,Physical,Cool,20,80,80,1
67,LowKick,Fighting,Physical,Tough,20,0,0,1
68,Counter,Fighting,Physical,Tough,20,0,100,1
69,SeismicToss,Fighting,Physical,Tough,20,0,100,1
70,Strength,Normal,Physical,Tough,15,80,100,1
71,Absorb,Grass,Special,Clever,25,20,100,1
72,MegaDrain,Grass,Special,Clever,15,40,100,1
73,LeechSeed,Grass,Status,Clever,10,0,90,1
74,Growth,Normal,Status,Beautiful,20,0,0,1
75,RazorLeaf,Grass,Physical,Cool,25,55,95,1
76,SolarBeam,Grass,Special,Cool,10,120,100,1
77,PoisonPowder,Poison,Status,Clever,35,0,75,1
78,StunSpore,Grass,Status,Clever,30,0,75,1
79,SleepPowder,Grass,Status,Clever,15,0,75,1
80,PetalDance,Grass,Special,Beautiful,10,120,100,1
81,StringShot,Bug,Status,Clever,40,0,95,1
82,DragonRage,Dragon,Special,Cool,10,0,100,1
83,FireSpin,Fire,Special,Beautiful,15,35,0,1
84,ThunderShock,Electric,Special,Cool,30,40,100,1
85,Thunderbolt,Electric,Special,Cool,15,90,100,1
86,ThunderWave,Electric,Status,Cool,20,0,0,1
87,Thunder,Electric,Special,Cool,10,110,70,1
88,RockThrow,Rock,Physical,Tough,15,50,0,1
89,Earthquake,Ground,Physical,Tough,10,100,100,1
90,Fissure,Ground,Physical,Tough,5,0,0,1
91,Dig,Ground,Physical,Tough,10,80,100,1
92,Toxic,Poison,Status,Clever,10,0,0,1
93,Confusion,Psychic,Special,Clever,25,50,100,1
94,Psychic,Psychic,Special,Clever,10,90,100,1
95,Hypnosis,Psychic,Status,Clever,20,0,0,1
96,Meditate,Psychic,Status,Beautiful,40,0,0,1
97,Agility,Psychic,Status,Cool,30,0,0,1
98,QuickAttack,Normal,Physical,Cool,30,40,100,1
99,Rage,Normal,Physical,Tough,20,20,100,1
100,Teleport,Psychic,Status,Cool,20,0,0,1
101,NightShade,Ghost,Special,Clever,15,0,100,1
102,Mimic,Normal,Status,Cute,10,0,0,1
103,Screech,Normal,Status,Clever,40,0,85,1
104,DoubleTeam,Normal,Status,Cool,15,0,0,1
105,Recover,Normal,Status,Clever,10,0,0,1
106,Harden,Normal,Status,Tough,30,0,0,1
107,Minimize,Normal,Status,Cute,10,0,0,1
108,Smokescreen,Normal,Status,Clever,20,0,100,1
109,ConfuseRay,Ghost,Status,Clever,10,0,100,1
110,Withdraw,Water,Status,Cute,40,0,0,1
111,DefenseCurl,Normal,Status,Cute,40,0,0,1
112,Barrier,Psychic,Status,Cool,20,0,0,1
113,LightScreen,Psychic,Status,Beautiful,30,0,0,1
114,Haze,Ice,Status,Beautiful,30,0,0,1
115,Reflect,Psychic,Status,Clever,20,0,0,1
116,FocusEnergy,Normal,Status,Cool,30,0,0,1
117,Bide,Normal,Physical,Tough,10,0,0,1
118,Metronome,Normal,Status,Cute,10,0,0,1
119,MirrorMove,Flying,Status,Clever,20,0,0,1
120,Self-Destruct,Normal,Physical,Beautiful,5,200,100,1
121,EggBomb,Normal,Physical,Cute,10,100,75,1
122,Lick,Ghost,Physical,Cute,30,30,100,1
123,Smog,Poison,Special,Tough,20,30,70,1
124,Sludge,Poison,Special,Tough,20,65,100,1
125,BoneClub,Ground,Physical,Tough,20,65,85,1
126,FireBlast,Fire,Special,Beautiful,5,110,85,1
127,Waterfall,Water,Physical,Tough,15,80,100,1
128,Clamp,Water,Physical,Tough,15,35,0,1
129,Swift,Normal,Special,Cool,20,60,0,1
130,SkullBash,Normal,Physical,Tough,10,130,100,1
131,SpikeCannon,Normal,Physical,Cool,15,20,100,1
132,Constrict,Normal,Physical,Tough,35,10,100,1
133,Amnesia,Psychic,Status,Cute,20,0,0,1
134,Kinesis,Psychic,Status,Clever,15,0,80,1
135,Soft-Boiled,Normal,Status,Cute,10,0,0,1
136,HighJumpKick,Fighting,Physical,Cool,10,130,90,1
137,Glare,Normal,Status,Tough,30,0,0,1
138,DreamEater,Psychic,Special,Clever,15,100,100,1
139,PoisonGas,Poison,Status,Clever,40,0,0,1
140,Barrage,Normal,Physical,Cute,20,15,85,1
141,LeechLife,Bug,Physical,Clever,10,80,100,1
142,LovelyKiss,Normal,Status,Beautiful,10,0,75,1
143,SkyAttack,Flying,Physical,Cool,5,140,90,1
144,Transform,Normal,Status,Clever,10,0,0,1
145,Bubble,Water,Special,Cute,30,40,100,1
146,DizzyPunch,Normal,Physical,Cute,10,70,100,1
147,Spore,Grass,Status,Beautiful,15,0,100,1
148,Flash,Normal,Status,Beautiful,20,0,0,1
149,Psywave,Psychic,Special,Clever,15,0,0,1
150,Splash,Normal,Status,Cute,40,0,0,1
151,AcidArmor,Poison,Status,Tough,20,0,0,1
152,Crabhammer,Water,Physical,Tough,10,100,0,1
153,Explosion,Normal,Physical,Beautiful,5,250,100,1
154,FurySwipes,Normal,Physical,Tough,15,18,80,1
155,Bonemerang,Ground,Physical,Tough,10,50,90,1
156,Rest,Psychic,Status,Cute,10,0,0,1
157,RockSlide,Rock,Physical,Tough,10,75,90,1
158,HyperFang,Normal,Physical,Cool,15,80,90,1
159,Sharpen,Normal,Status,Cute,30,0,0,1
160,Conversion,Normal,Status,Beautiful,30,0,0,1
161,TriAttack,Normal,Special,Beautiful,10,80,100,1
162,SuperFang,Normal,Physical,Tough,10,0,90,1
163,Slash,Normal,Physical,Cool,20,70,100,1
164,Substitute,Normal,Status,Cute,10,0,0,1
165,Struggle,Normal,Physical,Tough,1,50,0,1
166,Sketch,Normal,Status,Clever,1,0,0,2
167,TripleKick,Fighting,Physical,Cool,10,10,90,2
168,Thief,Dark,Physical,Tough,25,60,100,2
169,SpiderWeb,Bug,Status,Clever,10,0,0,2
170,MindReader,Normal,Status,Clever,5,0,0,2
171,Nightmare,Ghost,Status,Clever,15,0,100,2
172,FlameWheel,Fire,Physical,Beautiful,25,60,100,2
173,Snore,Normal,Special,Cute,15,50,100,2
174,Curse,Ghost,Status,Tough,10,0,0,2
175,Flail,Normal,Physical,Cute,15,0,100,2
176,Conversion2,Normal,Status,Beautiful,30,0,0,2
177,Aeroblast,Flying,Special,Cool,5,100,95,2
178,CottonSpore,Grass,Status,Beautiful,40,0,0,2
179,Reversal,Fighting,Physical,Cool,15,0,100,2
180,Spite,Ghost,Status,Tough,10,0,100,2
181,PowderSnow,Ice,Special,Beautiful,25,40,100,2
182,Protect,Normal,Status,Cute,10,0,0,2
183,MachPunch,Fighting,Physical,Cool,30,40,100,2
184,ScaryFace,Normal,Status,Tough,10,0,0,2
185,FeintAttack,Dark,Physical,Clever,20,60,0,2
186,SweetKiss,Fairy,Status,Cute,10,0,75,2
187,BellyDrum,Normal,Status,Cute,10,0,0,2
188,SludgeBomb,Poison,Special,Tough,10,90,100,2
189,Mud-Slap,Ground,Special,Cute,10,20,100,2
190,Octazooka,Water,Special,Tough,10,65,85,2
191,Spikes,Ground,Status,Clever,20,0,0,2
192,ZapCannon,Electric,Special,Cool,5,120,50,2
193,Foresight,Normal,Status,Clever,40,0,0,2
194,DestinyBond,Ghost,Status,Clever,5,0,0,2
195,PerishSong,Normal,Status,Beautiful,5,0,0,2
196,IcyWind,Ice,Special,Beautiful,15,55,95,2
197,Detect,Fighting,Status,Cool,5,0,0,2
198,BoneRush,Ground,Physical,Tough,10,25,0,2
199,Lock-On,Normal,Status,Clever,5,0,0,2
200,Outrage,Dragon,Physical,Cool,10,120,100,2
201,Sandstorm,Rock,Status,Tough,10,0,0,2
202,GigaDrain,Grass,Special,Clever,10,75,100,2
203,Endure,Normal,Status,Tough,10,0,0,2
204,Charm,Fairy,Status,Cute,20,0,100,2
205,Rollout,Rock,Physical,Cute,20,30,90,2
206,FalseSwipe,Normal,Physical,Cool,40,40,100,2
207,Swagger,Normal,Status,Cute,15,0,0,2
208,MilkDrink,Normal,Status,Cute,10,0,0,2
209,Spark,Electric,Physical,Cool,20,65,100,2
210,FuryCutter,Bug,Physical,Cool,20,40,95,2
211,SteelWing,Steel,Physical,Cool,25,70,90,2
212,MeanLook,Normal,Status,Beautiful,5,0,0,2
213,Attract,Normal,Status,Cute,15,0,100,2
214,SleepTalk,Normal,Status,Cute,10,0,0,2
215,HealBell,Normal,Status,Beautiful,5,0,0,2
216,Return,Normal,Physical,Cute,20,0,100,2
217,Present,Normal,Physical,Cute,15,0,90,2
218,Frustration,Normal,Physical,Cute,20,0,100,2
219,Safeguard,Normal,Status,Beautiful,25,0,0,2
220,PainSplit,Normal,Status,Clever,20,0,0,2
221,SacredFire,Fire,Physical,Beautiful,5,100,95,2
222,Magnitude,Ground,Physical,Tough,30,0,100,2
223,DynamicPunch,Fighting,Physical,Cool,5,100,50,2
224,Megahorn,Bug,Physical,Cool,10,120,85,2
225,DragonBreath,Dragon,Special,Cool,20,60,100,2
226,BatonPass,Normal,Status,Cute,40,0,0,2
227,Encore,Normal,Status,Cute,5,0,100,2
228,Pursuit,Dark,Physical,Clever,20,40,100,2
229,RapidSpin,Normal,Physical,Cool,40,20,100,2
230,SweetScent,Normal,Status,Cute,20,0,100,2
231,IronTail,Steel,Physical,Cool,15,100,75,2
232,MetalClaw,Steel,Physical,Cool,35,50,95,2
233,VitalThrow,Fighting,Physical,Cool,10,70,0,2
234,MorningSun,Normal,Status,Beautiful,5,0,0,2
235,Synthesis,Grass,Status,Clever,5,0,0,2
236,Moonlight,Fairy,Status,Beautiful,5,0,0,2
237,HiddenPower,Normal,Special,Clever,15,60,100,2
238,CrossChop,Fighting,Physical,Cool,5,100,80,2
239,Twister,Dragon,Special,Cool,20,40,100,2
240,RainDance,Water,Status,Beautiful,5,0,0,2
241,SunnyDay,Fire,Status,Beautiful,5,0,0,2
242,Crunch,Dark,Physical,Tough,15,80,100,2
243,MirrorCoat,Psychic,Special,Beautiful,20,0,100,2
244,PsychUp,Normal,Status,Clever,10,0,0,2
245,ExtremeSpeed,Normal,Physical,Cool,5,80,100,2
246,AncientPower,Rock,Special,Tough,5,60,100,2
247,ShadowBall,Ghost,Special,Clever,15,80,100,2
248,FutureSight,Psychic,Special,Clever,10,120,0,2
249,RockSmash,Fighting,Physical,Tough,15,40,100,2
250,Whirlpool,Water,Special,Beautiful,15,35,0,2
251,BeatUp,Dark,Physical,Clever,10,0,100,2
252,FakeOut,Normal,Physical,Cute,10,40,100,3
253,Uproar,Normal,Special,Cute,10,90,100,3
254,Stockpile,Normal,Status,Tough,20,0,0,3
255,SpitUp,Normal,Special,Tough,10,0,100,3
256,Swallow,Normal,Status,Tough,10,0,0,3
257,HeatWave,Fire,Special,Beautiful,10,95,90,3
258,Hail,Ice,Status,Beautiful,10,0,0,3
259,Torment,Dark,Status,Tough,15,0,100,3
260,Flatter,Dark,Status,Clever,15,0,100,3
261,Will-O-Wisp,Fire,Status,Beautiful,15,0,0,3
262,Memento,Dark,Status,Tough,10,0,100,3
263,Facade,Normal,Physical,Cute,20,70,100,3
264,FocusPunch,Fighting,Physical,Tough,20,150,100,3
265,SmellingSalts,Normal,Physical,Tough,10,70,100,3
266,FollowMe,Normal,Status,Cute,20,0,0,3
267,NaturePower,Normal,Status,Beautiful,20,0,0,3
268,Charge,Electric,Status,Clever,20,0,0,3
269,Taunt,Dark,Status,Clever,20,0,100,3
270,HelpingHand,Normal,Status,Clever,20,0,0,3
271,Trick,Psychic,Status,Clever,10,0,100,3
272,RolePlay,Psychic,Status,Cute,10,0,0,3
273,Wish,Normal,Status,Cute,10,0,0,3
274,Assist,Normal,Status,Cute,20,0,0,3
275,Ingrain,Grass,Status,Clever,20,0,0,3
276,Superpower,Fighting,Physical,Tough,5,120,100,3
277,MagicCoat,Psychic,Status,Beautiful,15,0,0,3
278,Recycle,Normal,Status,Clever,10,0,0,3
279,Revenge,Fighting,Physical,Tough,10,60,100,3
280,BrickBreak,Fighting,Physical,Cool,15,75,100,3
281,Yawn,Normal,Status,Cute,10,0,0,3
282,KnockOff,Dark,Physical,Clever,20,65,100,3
283,Endeavor,Normal,Physical,Tough,5,0,100,3
284,Eruption,Fire,Special,Beautiful,5,150,100,3
285,SkillSwap,Psychic,Status,Clever,10,0,0,3
286,Imprison,Psychic,Status,Clever,10,0,0,3
287,Refresh,Normal,Status,Cute,20,0,0,3
288,Grudge,Ghost,Status,Tough,5,0,0,3
289,Snatch,Dark,Status,Clever,10,0,0,3
290,SecretPower,Normal,Physical,Clever,20,70,100,3
291,Dive,Water,Physical,Beautiful,10,80,100,3
292,ArmThrust,Fighting,Physical,Tough,20,15,100,3
293,Camouflage,Normal,Status,Clever,20,0,0,3
294,TailGlow,Bug,Status,Beautiful,20,0,0,3
295,LusterPurge,Psychic,Special,Clever,5,70,100,3
296,MistBall,Psychic,Special,Clever,5,70,100,3
297,FeatherDance,Flying,Status,Beautiful,15,0,100,3
298,TeeterDance,Normal,Status,Cute,20,0,100,3
299,BlazeKick,Fire,Physical,Cool,10,85,90,3
300,MudSport,Ground,Status,Cute,15,0,0,3
301,IceBall,Ice,Physical,Beautiful,20,30,90,3
302,NeedleArm,Grass,Physical,Clever,15,60,100,3
303,SlackOff,Normal,Status,Cute,10,0,0,3
304,HyperVoice,Normal,Special,Cool,10,90,100,3
305,PoisonFang,Poison,Physical,Clever,15,50,100,3
306,CrushClaw,Normal,Physical,Cool,10,75,95,3
307,BlastBurn,Fire,Special,Beautiful,5,150,90,3
308,HydroCannon,Water,Special,Beautiful,5,150,90,3
309,MeteorMash,Steel,Physical,Cool,10,90,0,3
310,Astonish,Ghost,Physical,Cute,15,30,100,3
311,WeatherBall,Normal,Special,Beautiful,10,50,100,3
312,Aromatherapy,Grass,Status,Clever,5,0,0,3
313,FakeTears,Dark,Status,Cute,20,0,100,3
314,AirCutter,Flying,Special,Cool,25,60,95,3
315,Overheat,Fire,Special,Beautiful,5,130,90,3
316,OdorSleuth,Normal,Status,Clever,40,0,0,3
317,RockTomb,Rock,Physical,Clever,15,60,0,3
318,SilverWind,Bug,Special,Beautiful,5,60,100,3
319,MetalSound,Steel,Status,Clever,40,0,85,3
320,GrassWhistle,Grass,Status,Clever,15,0,55,3
321,Tickle,Normal,Status,Cute,20,0,100,3
322,CosmicPower,Psychic,Status,Beautiful,20,0,0,3
323,WaterSpout,Water,Special,Beautiful,5,150,100,3
324,SignalBeam,Bug,Special,Beautiful,15,75,100,3
325,ShadowPunch,Ghost,Physical,Clever,20,60,0,3
326,Extrasensory,Psychic,Special,Cool,20,80,100,3
327,SkyUppercut,Fighting,Physical,Cool,15,85,90,3
328,SandTomb,Ground,Physical,Clever,15,35,0,3
329,SheerCold,Ice,Special,Beautiful,5,0,0,3
330,MuddyWater,Water,Special,Tough,10,90,85,3
331,BulletSeed,Grass,Physical,Cool,30,25,100,3
332,AerialAce,Flying,Physical,Cool,20,60,0,3
333,IcicleSpear,Ice,Physical,Beautiful,30,25,100,3
334,IronDefense,Steel,Status,Tough,15,0,0,3
335,Block,Normal,Status,Cute,5,0,0,3
336,Howl,Normal,Status,Cool,40,0,0,3
337,DragonClaw,Dragon,Physical,Cool,15,80,100,3
338,FrenzyPlant,Grass,Special,Cool,5,150,90,3
339,BulkUp,Fighting,Status,Cool,20,0,0,3
340,Bounce,Flying,Physical,Cute,5,85,85,3
341,MudShot,Ground,Special,Tough,15,55,95,3
342,PoisonTail,Poison,Physical,Clever,25,50,100,3
343,Covet,Normal,Physical,Cute,25,60,100,3
344,VoltTackle,Electric,Physical,Cool,15,120,100,3
345,MagicalLeaf,Grass,Special,Beautiful,20,60,0,3
346,WaterSport,Water,Status,Cute,15,0,0,3
347,CalmMind,Psychic,Status,Clever,20,0,0,3
348,LeafBlade,Grass,Physical,Cool,15,90,100,3
349,DragonDance,Dragon,Status,Cool,20,0,0,3
350,RockBlast,Rock,Physical,Tough,10,25,0,3
351,ShockWave,Electric,Special,Cool,20,60,0,3
352,WaterPulse,Water,Special,Beautiful,20,60,100,3
353,DoomDesire,Steel,Special,Beautiful,5,140,0,3
354,PsychoBoost,Psychic,Special,Clever,5,140,90,3
355,Roost,Flying,Status,Clever,10,0,0,4
356,Gravity,Psychic,Status,Clever,5,0,0,4
357,MiracleEye,Psychic,Status,Clever,40,0,0,4
358,Wake-UpSlap,Fighting,Physical,Tough,10,70,100,4
359,HammerArm,Fighting,Physical,Tough,10,100,90,4
360,GyroBall,Steel,Physical,Cool,5,0,100,4
361,HealingWish,Psychic,Status,Beautiful,10,0,0,4
362,Brine,Water,Special,Tough,10,65,100,4
363,NaturalGift,Normal,Physical,Clever,15,0,100,4
364,Feint,Normal,Physical,Clever,10,30,100,4
365,Pluck,Flying,Physical,Cute,20,60,100,4
366,Tailwind,Flying,Status,Cool,15,0,0,4
367,Acupressure,Normal,Status,Tough,30,0,0,4
368,MetalBurst,Steel,Physical,Cool,10,0,100,4
369,U-turn,Bug,Physical,Cute,20,70,100,4
370,CloseCombat,Fighting,Physical,Tough,5,120,100,4
371,Payback,Dark,Physical,Tough,10,50,100,4
372,Assurance,Dark,Physical,Clever,10,60,100,4
373,Embargo,Dark,Status,Clever,15,0,100,4
374,Fling,Dark,Physical,Cute,10,0,100,4
375,PsychoShift,Psychic,Status,Clever,10,0,0,4
376,TrumpCard,Normal,Special,Cool,5,0,0,4
377,HealBlock,Psychic,Status,Clever,15,0,100,4
378,WringOut,Normal,Special,Tough,5,0,100,4
379,PowerTrick,Psychic,Status,Clever,10,0,0,4
380,GastroAcid,Poison,Status,Tough,10,0,100,4
381,LuckyChant,Normal,Status,Cute,30,0,0,4
382,MeFirst,Normal,Status,Clever,20,0,0,4
383,Copycat,Normal,Status,Cute,20,0,0,4
384,PowerSwap,Psychic,Status,Clever,10,0,0,4
385,GuardSwap,Psychic,Status,Clever,10,0,0,4
386,Punishment,Dark,Physical,Cool,5,0,100,4
387,LastResort,Normal,Physical,Cute,5,140,100,4
388,WorrySeed,Grass,Status,Clever,10,0,100,4
389,SuckerPunch,Dark,Physical,Clever,5,70,100,4
390,ToxicSpikes,Poison,Status,Clever,20,0,0,4
391,HeartSwap,Psychic,Status,Clever,10,0,0,4
392,AquaRing,Water,Status,Beautiful,20,0,0,4
393,MagnetRise,Electric,Status,Clever,10,0,0,4
394,FlareBlitz,Fire,Physical,Cool,15,120,100,4
395,ForcePalm,Fighting,Physical,Cool,10,60,100,4
396,AuraSphere,Fighting,Special,Beautiful,20,80,0,4
397,RockPolish,Rock,Status,Tough,20,0,0,4
398,PoisonJab,Poison,Physical,Tough,20,80,100,4
399,DarkPulse,Dark,Special,Cool,15,80,100,4
400,NightSlash,Dark,Physical,Cool,15,70,100,4
401,AquaTail,Water,Physical,Beautiful,10,90,90,4
402,SeedBomb,Grass,Physical,Tough,15,80,100,4
403,AirSlash,Flying,Special,Cool,15,75,95,4
404,X-Scissor,Bug,Physical,Cool,15,80,100,4
405,BugBuzz,Bug,Special,Beautiful,10,90,100,4
406,DragonPulse,Dragon,Special,Beautiful,10,85,100,4
407,DragonRush,Dragon,Physical,Tough,10,100,75,4
408,PowerGem,Rock,Special,Beautiful,20,80,100,4
409,DrainPunch,Fighting,Physical,Tough,10,75,100,4
410,VacuumWave,Fighting,Special,Cool,30,40,100,4
411,FocusBlast,Fighting,Special,Cool,5,120,70,4
412,EnergyBall,Grass,Special,Beautiful,10,90,100,4
413,BraveBird,Flying,Physical,Cool,15,120,100,4
414,EarthPower,Ground,Special,Beautiful,10,90,100,4
415,Switcheroo,Dark,Status,Clever,10,0,100,4
416,GigaImpact,Normal,Physical,Tough,5,150,90,4
417,NastyPlot,Dark,Status,Clever,20,0,0,4
418,BulletPunch,Steel,Physical,Tough,30,40,100,4
419,Avalanche,Ice,Physical,Beautiful,10,60,100,4
420,IceShard,Ice,Physical,Beautiful,30,40,100,4
421,ShadowClaw,Ghost,Physical,Cool,15,70,100,4
422,ThunderFang,Electric,Physical,Cool,15,65,95,4
423,IceFang,Ice,Physical,Cool,15,65,95,4
424,FireFang,Fire,Physical,Cool,15,65,95,4
425,ShadowSneak,Ghost,Physical,Clever,30,40,100,4
426,MudBomb,Ground,Special,Cute,10,65,85,4
427,PsychoCut,Psychic,Physical,Cool,20,70,100,4
428,ZenHeadbutt,Psychic,Physical,Clever,15,80,90,4
429,MirrorShot,Steel,Special,Beautiful,10,65,85,4
430,FlashCannon,Steel,Special,Beautiful,10,80,100,4
431,RockClimb,Normal,Physical,Tough,20,90,85,4
432,Defog,Flying,Status,Cool,15,0,0,4
433,TrickRoom,Psychic,Status,Clever,5,0,0,4
434,DracoMeteor,Dragon,Special,Beautiful,5,130,90,4
435,Discharge,Electric,Special,Beautiful,15,80,100,4
436,LavaPlume,Fire,Special,Tough,15,80,100,4
437,LeafStorm,Grass,Special,Beautiful,5,130,90,4
438,PowerWhip,Grass,Physical,Tough,10,120,85,4
439,RockWrecker,Rock,Physical,Tough,5,150,90,4
440,CrossPoison,Poison,Physical,Cool,20,70,100,4
441,GunkShot,Poison,Physical,Tough,5,120,0,4
442,IronHead,Steel,Physical,Tough,15,80,100,4
443,MagnetBomb,Steel,Physical,Cool,20,60,0,4
444,StoneEdge,Rock,Physical,Tough,5,100,80,4
445,Captivate,Normal,Status,Cute,20,0,100,4
446,StealthRock,Rock,Status,Cool,20,0,0,4
447,GrassKnot,Grass,Special,Cute,20,0,100,4
448,Chatter,Flying,Special,Cute,20,65,100,4
449,Judgment,Normal,Special,Beautiful,10,100,100,4
450,BugBite,Bug,Physical,Cute,20,60,100,4
451,ChargeBeam,Electric,Special,Beautiful,10,50,90,4
452,WoodHammer,Grass,Physical,Tough,15,120,100,4
453,AquaJet,Water,Physical,Cool,20,40,100,4
454,AttackOrder,Bug,Physical,Clever,15,90,100,4
455,DefendOrder,Bug,Status,Clever,10,0,0,4
456,HealOrder,Bug,Status,Clever,10,0,0,4
457,HeadSmash,Rock,Physical,Tough,5,150,80,4
458,DoubleHit,Normal,Physical,Cool,10,35,90,4
459,RoarofTime,Dragon,Special,Beautiful,5,150,90,4
460,SpacialRend,Dragon,Special,Beautiful,5,100,95,4
461,LunarDance,Psychic,Status,Beautiful,10,0,0,4
462,CrushGrip,Normal,Physical,Tough,5,0,100,4
463,MagmaStorm,Fire,Special,Tough,5,100,0,4
464,DarkVoid,Dark,Status,Clever,10,0,0,4
465,SeedFlare,Grass,Special,Beautiful,5,120,85,4
466,OminousWind,Ghost,Special,Beautiful,5,60,100,4
467,ShadowForce,Ghost,Physical,Cool,5,120,100,4
468,HoneClaws,Dark,Status,Cute,15,0,0,5
469,WideGuard,Rock,Status,Tough,10,0,0,5
470,GuardSplit,Psychic,Status,Clever,10,0,0,5
471,PowerSplit,Psychic,Status,Clever,10,0,0,5
472,WonderRoom,Psychic,Status,Clever,10,0,0,5
473,Psyshock,Psychic,Special,Beautiful,10,80,100,5
474,Venoshock,Poison,Special,Beautiful,10,65,100,5
475,Autotomize,Steel,Status,Beautiful,15,0,0,5
476,RagePowder,Bug,Status,Clever,20,0,0,5
477,Telekinesis,Psychic,Status,Clever,15,0,0,5
478,MagicRoom,Psychic,Status,Clever,10,0,0,5
479,SmackDown,Rock,Physical,Tough,15,50,100,5
480,StormThrow,Fighting,Physical,Cool,10,60,100,5
481,FlameBurst,Fire,Special,Beautiful,15,70,100,5
482,SludgeWave,Poison,Special,Tough,10,95,100,5
483,QuiverDance,Bug,Status,Beautiful,20,0,0,5
484,HeavySlam,Steel,Physical,Tough,10,0,100,5
485,Synchronoise,Psychic,Special,Clever,10,120,100,5
486,ElectroBall,Electric,Special,Cool,10,0,100,5
487,Soak,Water,Status,Cute,20,0,100,5
488,FlameCharge,Fire,Physical,Cool,20,50,100,5
489,Coil,Poison,Status,Tough,20,0,0,5
490,LowSweep,Fighting,Physical,Clever,20,65,100,5
491,AcidSpray,Poison,Special,Beautiful,20,40,100,5
492,FoulPlay,Dark,Physical,Clever,15,95,100,5
493,SimpleBeam,Normal,Status,Cute,15,0,100,5
494,Entrainment,Normal,Status,Cute,15,0,100,5
495,AfterYou,Normal,Status,Cute,15,0,0,5
496,Round,Normal,Special,Beautiful,15,60,100,5
497,EchoedVoice,Normal,Special,Beautiful,15,40,100,5
498,ChipAway,Normal,Physical,Tough,20,70,100,5
499,ClearSmog,Poison,Special,Beautiful,15,50,0,5
500,StoredPower,Psychic,Special,Clever,10,20,100,5
501,QuickGuard,Fighting,Status,Cool,15,0,0,5
502,AllySwitch,Psychic,Status,Clever,15,0,0,5
503,Scald,Water,Special,Tough,15,80,100,5
504,ShellSmash,Normal,Status,Tough,15,0,0,5
505,HealPulse,Psychic,Status,Beautiful,10,0,0,5
506,Hex,Ghost,Special,Clever,10,65,100,5
507,SkyDrop,Flying,Physical,Tough,10,60,100,5
508,ShiftGear,Steel,Status,Clever,10,0,0,5
509,CircleThrow,Fighting,Physical,Cool,10,60,90,5
510,Incinerate,Fire,Special,Tough,15,60,100,5
511,Quash,Dark,Status,Clever,15,0,100,5
512,Acrobatics,Flying,Physical,Cool,15,55,100,5
513,ReflectType,Normal,Status,Clever,15,0,0,5
514,Retaliate,Normal,Physical,Cool,5,70,100,5
515,FinalGambit,Fighting,Special,Tough,5,0,100,5
516,Bestow,Normal,Status,Cute,15,0,0,5
517,Inferno,Fire,Special,Beautiful,5,100,50,5
518,WaterPledge,Water,Special,Beautiful,10,80,100,5
519,FirePledge,Fire,Special,Beautiful,10,80,100,5
520,GrassPledge,Grass,Special,Beautiful,10,80,100,5
521,VoltSwitch,Electric,Special,Cool,20,70,100,5
522,StruggleBug,Bug,Special,Cute,20,50,100,5
523,Bulldoze,Ground,Physical,Tough,20,60,100,5
524,FrostBreath,Ice,Special,Beautiful,10,60,90,5
525,DragonTail,Dragon,Physical,Tough,10,60,90,5
526,WorkUp,Normal,Status,Tough,30,0,0,5
527,Electroweb,Electric,Special,Beautiful,15,55,95,5
528,WildCharge,Electric,Physical,Tough,15,90,100,5
529,DrillRun,Ground,Physical,Tough,10,80,95,5
530,DualChop,Dragon,Physical,Tough,15,40,90,5
531,HeartStamp,Psychic,Physical,Cute,25,60,100,5
532,HornLeech,Grass,Physical,Tough,10,75,100,5
533,SacredSword,Fighting,Physical,Cool,15,90,100,5
534,RazorShell,Water,Physical,Cool,10,75,95,5
535,HeatCrash,Fire,Physical,Tough,10,0,100,5
536,LeafTornado,Grass,Special,Cool,10,65,90,5
537,Steamroller,Bug,Physical,Tough,20,65,100,5
538,CottonGuard,Grass,Status,Cute,10,0,0,5
539,NightDaze,Dark,Special,Cool,10,85,95,5
540,Psystrike,Psychic,Special,Cool,10,100,100,5
541,TailSlap,Normal,Physical,Cute,10,25,85,5
542,Hurricane,Flying,Special,Tough,10,110,70,5
543,HeadCharge,Normal,Physical,Tough,15,120,100,5
544,GearGrind,Steel,Physical,Clever,15,50,85,5
545,SearingShot,Fire,Special,Cool,5,100,100,5
546,TechnoBlast,Normal,Special,Cool,5,120,100,5
547,RelicSong,Normal,Special,Beautiful,10,75,100,5
548,SecretSword,Fighting,Special,Beautiful,10,85,100,5
549,Glaciate,Ice,Special,Beautiful,10,65,95,5
550,BoltStrike,Electric,Physical,Beautiful,5,130,85,5
551,BlueFlare,Fire,Special,Beautiful,5,130,85,5
552,FieryDance,Fire,Special,Beautiful,10,80,100,5
553,FreezeShock,Ice,Physical,Beautiful,5,140,90,5
554,IceBurn,Ice,Special,Beautiful,5,140,90,5
555,Snarl,Dark,Special,Tough,15,55,95,5
556,IcicleCrash,Ice,Physical,Beautiful,10,85,90,5
557,V-create,Fire,Physical,Cool,5,180,95,5
558,FusionFlare,Fire,Special,Beautiful,5,100,100,5
559,FusionBolt,Electric,Physical,Cool,5,100,100,5
560,FlyingPress,Fighting,Physical,Tough,10,100,95,6
561,MatBlock,Fighting,Status,Cool,10,0,0,6
562,Belch,Poison,Special,Tough,10,120,90,6
563,Rototiller,Ground,Status,Tough,10,0,0,6
564,StickyWeb,Bug,Status,Tough,20,0,0,6
565,FellStinger,Bug,Physical,Cool,25,50,100,6
566,PhantomForce,Ghost,Physical,Cool,10,90,100,6
567,Trick-or-Treat,Ghost,Status,Cute,20,0,100,6
568,NobleRoar,Normal,Status,Tough,30,0,100,6
569,IonDeluge,Electric,Status,Beautiful,25,0,0,6
570,ParabolicCharge,Electric,Special,Clever,20,65,100,6
571,Forest'sCurse,Grass,Status,Clever,20,0,100,6
572,PetalBlizzard,Grass,Physical,Beautiful,15,90,100,6
573,Freeze-Dry,Ice,Special,Beautiful,20,70,100,6
574,DisarmingVoice,Fairy,Special,Cute,15,40,0,6
575,PartingShot,Dark,Status,Cool,20,0,100,6
576,Topsy-Turvy,Dark,Status,Clever,20,0,0,6
577,DrainingKiss,Fairy,Special,Cute,10,50,100,6
578,CraftyShield,Fairy,Status,Clever,10,0,0,6
579,FlowerShield,Fairy,Status,Beautiful,10,0,0,6
580,GrassyTerrain,Grass,Status,Beautiful,10,0,0,6
581,MistyTerrain,Fairy,Status,Beautiful,10,0,0,6
582,Electrify,Electric,Status,Clever,20,0,0,6
583,PlayRough,Fairy,Physical,Cute,10,90,90,6
584,FairyWind,Fairy,Special,Beautiful,30,40,100,6
585,Moonblast,Fairy,Special,Beautiful,15,95,100,6
586,Boomburst,Normal,Special,Tough,10,140,100,6
587,FairyLock,Fairy,Status,Clever,10,0,0,6
588,King'sShield,Steel,Status,Cool,10,0,0,6
589,PlayNice,Normal,Status,Cute,20,0,0,6
590,Confide,Normal,Status,Cute,20,0,0,6
591,DiamondStorm,Rock,Physical,Beautiful,5,100,95,6
592,SteamEruption,Water,Special,Beautiful,5,110,95,6
593,HyperspaceHole,Psychic,Special,Clever,5,80,0,6
594,WaterShuriken,Water,Special,Cool,20,15,100,6
595,MysticalFire,Fire,Special,Beautiful,10,75,100,6
596,SpikyShield,Grass,Status,Tough,10,0,0,6
597,AromaticMist,Fairy,Status,Beautiful,20,0,0,6
598,EerieImpulse,Electric,Status,Clever,15,0,100,6
599,VenomDrench,Poison,Status,Clever,20,0,100,6
600,Powder,Bug,Status,Clever,20,0,100,6
601,Geomancy,Fairy,Status,Beautiful,10,0,0,6
602,MagneticFlux,Electric,Status,Clever,20,0,0,6
603,HappyHour,Normal,Status,Cute,30,0,0,6
604,ElectricTerrain,Electric,Status,Clever,10,0,0,6
605,DazzlingGleam,Fairy,Special,Beautiful,10,80,100,6
606,Celebrate,Normal,Status,Cute,40,0,0,6
607,HoldHands,Normal,Status,Cute,40,0,0,6
608,Baby-DollEyes,Fairy,Status,Cute,30,0,100,6
609,Nuzzle,Electric,Physical,Cute,20,20,100,6
610,HoldBack,Normal,Physical,Cool,40,40,100,6
611,Infestation,Bug,Special,Cute,20,20,100,6
612,Power-UpPunch,Fighting,Physical,Tough,20,40,100,6
613,OblivionWing,Flying,Special,Cool,10,80,100,6
614,ThousandArrows,Ground,Physical,Beautiful,10,90,100,6
615,ThousandWaves,Ground,Physical,Tough,10,90,100,6
616,Land'sWrath,Ground,Physical,Beautiful,10,90,100,6
617,LightofRuin,Fairy,Special,Beautiful,5,140,90,6
618,OriginPulse,Water,Special,Beautiful,10,110,85,6
619,PrecipiceBlades,Ground,Physical,Cool,10,120,85,6
620,DragonAscent,Flying,Physical,Beautiful,5,120,100,6
621,HyperspaceFury,Dark,Physical,Tough,5,100,0,6
622,BreakneckBlitz,Normal,Physical,???,1,0,0,7
623,BreakneckBlitz,Normal,Special,???,1,0,0,7
624,All-OutPummeling,Fighting,Physical,???,1,0,0,7
625,All-OutPummeling,Fighting,Special,???,1,0,0,7
626,SupersonicSkystrike,Flying,Physical,???,1,0,0,7
627,SupersonicSkystrike,Flying,Special,???,1,0,0,7
628,AcidDownpour,Poison,Physical,???,1,0,0,7
629,AcidDownpour,Poison,Special,???,1,0,0,7
630,TectonicRage,Ground,Physical,???,1,0,0,7
631,TectonicRage,Ground,Special,???,1,0,0,7
632,ContinentalCrush,Rock,Physical,???,1,0,0,7
633,ContinentalCrush,Rock,Special,???,1,0,0,7
634,SavageSpin-Out,Bug,Physical,???,1,0,0,7
635,SavageSpin-Out,Bug,Special,???,1,0,0,7
636,Never-EndingNightmare,Ghost,Physical,???,1,0,0,7
637,Never-EndingNightmare,Ghost,Special,???,1,0,0,7
638,CorkscrewCrash,Steel,Physical,???,1,0,0,7
639,CorkscrewCrash,Steel,Special,???,1,0,0,7
640,InfernoOverdrive,Fire,Physical,???,1,0,0,7
641,InfernoOverdrive,Fire,Special,???,1,0,0,7
642,HydroVortex,Water,Physical,???,1,0,0,7
643,HydroVortex,Water,Special,???,1,0,0,7
644,BloomDoom,Grass,Physical,???,1,0,0,7
645,BloomDoom,Grass,Special,???,1,0,0,7
646,GigavoltHavoc,Electric,Physical,???,1,0,0,7
647,GigavoltHavoc,Electric,Special,???,1,0,0,7
648,ShatteredPsyche,Psychic,Physical,???,1,0,0,7
649,ShatteredPsyche,Psychic,Special,???,1,0,0,7
650,SubzeroSlammer,Ice,Physical,???,1,0,0,7
651,SubzeroSlammer,Ice,Special,???,1,0,0,7
652,DevastatingDrake,Dragon,Physical,???,1,0,0,7
653,DevastatingDrake,Dragon,Special,???,1,0,0,7
654,BlackHoleEclipse,Dark,Physical,???,1,0,0,7
655,BlackHoleEclipse,Dark,Special,???,1,0,0,7
656,TwinkleTackle,Fairy,Physical,???,1,0,0,7
657,TwinkleTackle,Fairy,Special,???,1,0,0,7
658,Catastropika,Electric,Physical,???,1,210,0,7
659,ShoreUp,Ground,Status,???,10,0,0,7
660,FirstImpression,Bug,Physical,???,10,90,100,7
661,BanefulBunker,Poison,Status,???,10,0,0,7
662,SpiritShackle,Ghost,Physical,???,10,80,100,7
663,DarkestLariat,Dark,Physical,???,10,85,100,7
664,SparklingAria,Water,Special,???,10,90,100,7
665,IceHammer,Ice,Physical,???,10,100,90,7
666,FloralHealing,Fairy,Status,???,10,0,0,7
667,HighHorsepower,Ground,Physical,???,10,95,95,7
668,StrengthSap,Grass,Status,???,10,0,100,7
669,SolarBlade,Grass,Physical,???,10,125,100,7
670,Leafage,Grass,Physical,???,40,40,100,7
671,Spotlight,Normal,Status,???,15,0,0,7
672,ToxicThread,Poison,Status,???,20,0,100,7
673,LaserFocus,Normal,Status,???,30,0,0,7
674,GearUp,Steel,Status,???,20,0,0,7
675,ThroatChop,Dark,Physical,???,15,80,100,7
676,PollenPuff,Bug,Special,???,15,90,100,7
677,AnchorShot,Steel,Physical,???,20,80,100,7
678,PsychicTerrain,Psychic,Status,???,10,0,0,7
679,Lunge,Bug,Physical,???,15,80,100,7
680,FireLash,Fire,Physical,???,15,80,100,7
681,PowerTrip,Dark,Physical,???,10,20,100,7
682,BurnUp,Fire,Special,???,5,130,100,7
683,SpeedSwap,Psychic,Status,???,10,0,0,7
684,SmartStrike,Steel,Physical,???,10,70,0,7
685,Purify,Poison,Status,???,20,0,0,7
686,RevelationDance,Normal,Special,???,15,90,100,7
687,CoreEnforcer,Dragon,Special,???,10,100,100,7
688,TropKick,Grass,Physical,???,15,70,100,7
689,Instruct,Psychic,Status,???,15,0,0,7
690,BeakBlast,Flying,Physical,???,15,100,100,7
691,ClangingScales,Dragon,Special,???,5,110,100,7
692,DragonHammer,Dragon,Physical,???,15,90,100,7
693,BrutalSwing,Dark,Physical,???,20,60,100,7
694,AuroraVeil,Ice,Status,???,20,0,0,7
695,SinisterArrowRaid,Ghost,Physical,???,1,180,0,7
696,MaliciousMoonsault,Dark,Physical,???,1,180,0,7
697,OceanicOperetta,Water,Special,???,1,195,0,7
698,GuardianofAlola,Fairy,Special,???,1,0,0,7
699,Soul-Stealing7-StarStrike,Ghost,Physical,???,1,195,0,7
700,StokedSparksurfer,Electric,Special,???,1,175,0,7
701,PulverizingPancake,Normal,Physical,???,1,210,0,7
702,ExtremeEvoboost,Normal,Status,???,1,0,0,7
703,GenesisSupernova,Psychic,Special,???,1,185,0,7
704,ShellTrap,Fire,Special,???,5,150,100,7
705,FleurCannon,Fairy,Special,???,5,130,90,7
706,PsychicFangs,Psychic,Physical,???,10,85,100,7
707,StompingTantrum,Ground,Physical,???,10,75,100,7
708,ShadowBone,Ghost,Physical,???,10,85,100,7
709,Accelerock,Rock,Physical,???,20,40,100,7
710,Liquidation,Water,Physical,???,10,85,100,7
711,PrismaticLaser,Psychic,Special,???,10,160,100,7
712,SpectralThief,Ghost,Physical,???,10,90,100,7
713,SunsteelStrike,Steel,Physical,???,5,100,100,7
714,MoongeistBeam,Ghost,Special,???,5,100,100,7
715,TearfulLook,Normal,Status,???,20,0,0,7
716,ZingZap,Electric,Physical,???,10,80,100,7
717,Nature'sMadness,Fairy,Special,???,10,0,90,7
718,Multi-Attack,Normal,Physical,???,10,90,100,7
719,"10,000,000VoltThunderbolt",Electric,Special,???,1,195,0,7
720,MindBlown,Fire,Special,???,5,150,100,7
721,PlasmaFists,Electric,Physical,???,15,100,100,7
722,PhotonGeyser,Psychic,Special,???,5,100,100,7
723,LightThatBurnstheSky,Psychic,Special,???,1,200,0,7
724,SearingSunrazeSmash,Steel,Special,???,1,200,0,7
725,MenacingMoonrazeMaelstrom,Ghost,Special,???,1,200,0,7
726,Let'sSnuggleForever,Fairy,Physical,???,1,190,0,7
727,SplinteredStormshards,Rock,Physical,???,1,190,0,7
728,ClangorousSoulblaze,Dragon,Special,???,1,185,0,7
